{
  "source_path": "C:\\Users\\LENOVO\\Desktop\\Projectsss\\CreatorCut\\projects\\sample\\input\\clip1.mp4",
  "scenes": [],
  "transcript": [],
  "music": {
    "tempo_bpm": 151.99908088235293,
    "beat_times": [
      2.020136054421769
    ],
    "onset_times": [
      2.020136054421769
    ],
    "rms_times": [
      0.0,
      0.023219954648526078,
      0.046439909297052155,
      0.06965986394557823,
      0.09287981859410431,
      0.11609977324263039,
      0.13931972789115646,
      0.16253968253968254,
      0.18575963718820862,
      0.2089795918367347,
      0.23219954648526078,
      0.25541950113378686,
      0.2786394557823129,
      0.301859410430839,
      0.3250793650793651,
      0.34829931972789113,
      0.37151927437641724,
      0.3947392290249433,
      0.4179591836734694,
      0.44117913832199546,
      0.46439909297052157,
      0.4876190476190476,
      0.5108390022675737,
      0.5340589569160997,
      0.5572789115646258,
      0.5804988662131519,
      0.603718820861678,
      0.626938775510204,
      0.6501587301587302,
      0.6733786848072563,
      0.6965986394557823,
      0.7198185941043084,
      0.7430385487528345,
      0.7662585034013606,
      0.7894784580498866,
      0.8126984126984127,
      0.8359183673469388,
      0.8591383219954648,
      0.8823582766439909,
      0.905578231292517,
      0.9287981859410431,
      0.9520181405895691,
      0.9752380952380952,
      0.9984580498866213,
      1.0216780045351475,
      1.0448979591836736,
      1.0681179138321995,
      1.0913378684807256,
      1.1145578231292517,
      1.1377777777777778,
      1.1609977324263039,
      1.18421768707483,
      1.207437641723356,
      1.230657596371882,
      1.253877551020408,
      1.2770975056689342,
      1.3003174603174603,
      1.3235374149659864,
      1.3467573696145125,
      1.3699773242630386,
      1.3931972789115645,
      1.4164172335600906,
      1.4396371882086167,
      1.4628571428571429,
      1.486077097505669,
      1.509297052154195,
      1.5325170068027212,
      1.555736961451247,
      1.5789569160997732,
      1.6021768707482993,
      1.6253968253968254,
      1.6486167800453515,
      1.6718367346938776,
      1.6950566893424037,
      1.7182766439909296,
      1.7414965986394557,
      1.7647165532879818,
      1.787936507936508,
      1.811156462585034,
      1.8343764172335602,
      1.8575963718820863,
      1.8808163265306121,
      1.9040362811791383,
      1.9272562358276644,
      1.9504761904761905,
      1.9736961451247166,
      1.9969160997732427,
      2.020136054421769
    ],
    "rms_energy": [
      0.062477435916662216,
      0.07598195225000381,
      0.08767658472061157,
      0.08770154416561127,
      0.08809474110603333,
      0.08863098174333572,
      0.08921437710523605,
      0.08905307203531265,
      0.0880020260810852,
      0.08810776472091675,
      0.08740975707769394,
      0.08741409331560135,
      0.0877215787768364,
      0.08719148486852646,
      0.08750705420970917,
      0.08649639785289764,
      0.08646540343761444,
      0.08645714819431305,
      0.08648968487977982,
      0.08781399577856064,
      0.08824530988931656,
      0.08841200917959213,
      0.08817454427480698,
      0.08839327841997147,
      0.08799777179956436,
      0.08819980174303055,
      0.08810532093048096,
      0.08765430748462677,
      0.08785118162631989,
      0.08739900588989258,
      0.08731795847415924,
      0.08717814832925797,
      0.08765513449907303,
      0.08805796504020691,
      0.08854484558105469,
      0.08841563016176224,
      0.08768069744110107,
      0.08736906200647354,
      0.08719247579574585,
      0.08779764175415039,
      0.08809413015842438,
      0.08859366923570633,
      0.08862445503473282,
      0.08818282932043076,
      0.08839395642280579,
      0.0884338915348053,
      0.08863954246044159,
      0.08844411373138428,
      0.08831579238176346,
      0.08812596648931503,
      0.08788159489631653,
      0.08824630826711655,
      0.08839777857065201,
      0.08851969242095947,
      0.08832646161317825,
      0.08830639719963074,
      0.08821367472410202,
      0.0883953720331192,
      0.08877862244844437,
      0.08850641548633575,
      0.0886121615767479,
      0.08776333183050156,
      0.08768899738788605,
      0.08783630281686783,
      0.08759088069200516,
      0.08823557198047638,
      0.08858881890773773,
      0.08871235698461533,
      0.08873870223760605,
      0.08911871910095215,
      0.08864644914865494,
      0.08885837346315384,
      0.08898493647575378,
      0.08858045935630798,
      0.08876761049032211,
      0.0881856381893158,
      0.08819897472858429,
      0.0877365693449974,
      0.08762754499912262,
      0.08794067800045013,
      0.08803614974021912,
      0.08839289098978043,
      0.08811144530773163,
      0.0879298523068428,
      0.08756674826145172,
      0.07741930335760117,
      0.0639762431383133,
      0.046696215867996216
    ]
  },
  "warnings": [],
  "schema_version": "1.0"
}